{
  "TC04" : {
    "transaction" : "TC04",
    "sampleCount" : 1,
    "errorCount" : 1,
    "errorPct" : 100.0,
    "meanResTime" : 24.0,
    "medianResTime" : 24.0,
    "minResTime" : 24.0,
    "maxResTime" : 24.0,
    "pct1ResTime" : 24.0,
    "pct2ResTime" : 24.0,
    "pct3ResTime" : 24.0,
    "throughput" : 41.666666666666664,
    "receivedKBytesPerSec" : 207.56022135416666,
    "sentKBytesPerSec" : 25.919596354166668
  },
  "TC03" : {
    "transaction" : "TC03",
    "sampleCount" : 1,
    "errorCount" : 1,
    "errorPct" : 100.0,
    "meanResTime" : 32.0,
    "medianResTime" : 32.0,
    "minResTime" : 32.0,
    "maxResTime" : 32.0,
    "pct1ResTime" : 32.0,
    "pct2ResTime" : 32.0,
    "pct3ResTime" : 32.0,
    "throughput" : 31.25,
    "receivedKBytesPerSec" : 155.670166015625,
    "sentKBytesPerSec" : 18.585205078125
  },
  "TC02" : {
    "transaction" : "TC02",
    "sampleCount" : 1,
    "errorCount" : 1,
    "errorPct" : 100.0,
    "meanResTime" : 27.0,
    "medianResTime" : 27.0,
    "minResTime" : 27.0,
    "maxResTime" : 27.0,
    "pct1ResTime" : 27.0,
    "pct2ResTime" : 27.0,
    "pct3ResTime" : 27.0,
    "throughput" : 37.03703703703704,
    "receivedKBytesPerSec" : 184.49797453703704,
    "sentKBytesPerSec" : 22.64178240740741
  },
  "Total" : {
    "transaction" : "Total",
    "sampleCount" : 4,
    "errorCount" : 4,
    "errorPct" : 100.0,
    "meanResTime" : 116.75,
    "medianResTime" : 29.5,
    "minResTime" : 24.0,
    "maxResTime" : 384.0,
    "pct1ResTime" : 384.0,
    "pct2ResTime" : 384.0,
    "pct3ResTime" : 384.0,
    "throughput" : 0.6155740227762388,
    "receivedKBytesPerSec" : 3.0664483302554633,
    "sentKBytesPerSec" : 0.37376284048938135
  },
  "TC01" : {
    "transaction" : "TC01",
    "sampleCount" : 1,
    "errorCount" : 1,
    "errorPct" : 100.0,
    "meanResTime" : 384.0,
    "medianResTime" : 384.0,
    "minResTime" : 384.0,
    "maxResTime" : 384.0,
    "pct1ResTime" : 384.0,
    "pct2ResTime" : 384.0,
    "pct3ResTime" : 384.0,
    "throughput" : 2.6041666666666665,
    "receivedKBytesPerSec" : 12.972513834635416,
    "sentKBytesPerSec" : 1.56402587890625
  }
}